ID;Имя;Фамилия;Возраст;
1; Авангард; Абрашкин; 56
2; Авдиес; Абрашин; 20
3; Авгий; Абоимов; 31
4; Авкт; Абрамкин; 52
5; Авделай; Абраменко; 34
6; Авксентий; Аброшин; 63
7; Аввакум; Абраменко; 26
8; Аверьян; Абаянцев; 41
9; Абдула; Абрамов; 25
10; Авид; Абрамычев; 28
11; Авид; Авакумов; 38
12; Авим; Абдула; 62
13; Авксентий; Абашин; 59
14; Авенир; Абалакин; 44
15; Авксентий; Абалакин; 48
16; Аверьян; Абашин; 26
17; Авгий; Абраменко; 28
18; Авксентий; Абоимов; 50
19; Абрам; Абалкин; 18
20; Абидин; Абраменко; 36
21; Авдикий; Абашкин; 44
22; Абан; Абрамчук; 67
23; Авдикий; Аброшин; 49
24; Аврелий; Абрамычев; 49
25; Аврам; Абросимов; 27
26; Аверьян; Абалдуев; 51
27; Авдий; Абашев; 35
28; Авдий; Абоимов; 35
29; Авдей; Аброськин; 62
30; Аверкий; Абрамкин; 48
31; Аверкий; Абакшин; 23
32; Абидин; Абраменко; 30
33; Авид; Абрамцев; 48
34; Авдиес; Аброшин; 47
35; Аввакум; Аброшин; 54
36; Аврелий; Абрашин; 50
37; Авив; Абрашкин; 28
38; Авдикий; Абрамчук; 54
39; Авдий; Абдулов; 37
40; Аверьян; Аброськин; 20
41; Авентин; Абалкин; 68
42; Абан; Абалаков; 62
43; Аврам; Абдула; 25
44; Авив; Абаянцев; 65
45; Августин; Абалаков; 48
46; Авкт; Абашкин; 24
47; Авделай; Абашев; 57
48; Авгей; Абоимов; 25
49; Авангард; Абрамович; 22
50; Авраам; Абросимов; 62
51; Августин; Абрикосов; 68
52; Авгий; Абрашкин; 50
53; Авгий; Абатурин; 49
54; Авенир; Абоимов; 19
55; Авдикий; Абашин; 69
56; Аввакум; Абдулин; 51
57; Авдикий; Абалкин; 46
58; Авив; Абатуров; 38
59; Авдий; Абрамович; 49
60; Аверьян; Абашев; 37
61; Авдей; Аброшин; 61
62; Абрам; Авакумов; 48
63; Августин; Абалаков; 45
64; Авраам; Абраменко; 57
65; Авангард; Абашкин; 54
66; Авим; Абатурин; 50
67; Авид; Абрашкин; 43
68; Авим; Абрамчук; 18
69; Авдикий; Абдула; 28
70; Абидин; Абакшин; 46
71; Авдиес; Абалаков; 62
72; Августин; Абатуров; 40
73; Авксентий; Абашин; 47
74; Авангард; Абрашин; 20
75; Аврелий; Абраменко; 52
76; Авделай; Абрашин; 33
77; Авив; Абраменко; 45
78; Авксентий; Абаянцев; 47
79; Авдей; Абалакин; 36
80; Авдикий; Аброшин; 68
81; Авраам; Абрамов; 29
82; Авив; Абрашин; 56
83; Авгей; Абашкин; 35
84; Авкт; Абросимов; 48
85; Авксентий; Абаянцев; 34
86; Авдей; Авакумов; 24
87; Абан; Абрамчук; 21
88; Авид; Абрамцев; 36
89; Авкт; Абалакин; 63
90; Авив; Абраменко; 63
91; Авдон; Абалкин; 37
92; Авксентий; Абалдуев; 64
93; Авкт; Абаянцев; 23
94; Авраам; Абрикосов; 42
95; Авгей; Абашев; 35
96; Авангард; Абрамкин; 27
97; Авид; Абоимов; 53
98; Авдий; Абдулов; 46
99; Абидин; Абалакин; 47
100; Аббас; Абрамчук; 69
101; Абан; Абашкин; 20
102; Августин; Абалкин; 36
103; Абидин; Абрамчук; 58
104; Авив; Абросимов; 29
105; Авдикий; Абрамчук; 60
106; Августин; Абалакин; 31
107; Авдиес; Аброськин; 56
108; Аврор; Абдулин; 23
109; Абидин; Абдулин; 22
110; Авдикий; Абрашкин; 39
111; Аввакум; Абакшин; 40
112; Аврам; Абашин; 24
113; Аверьян; Абатуров; 19
114; Авксентий; Абдулов; 54
115; Авгей; Абалаков; 59
116; Авгей; Аброськин; 22
117; Абидин; Абрикосов; 38
118; Аврам; Абашкин; 48
119; Авангард; Авакумов; 62
120; Авксентий; Абдулов; 65
121; Авангард; Абатуров; 58
122; Аверьян; Абрамов; 19
123; Авдон; Абрашин; 37
124; Авдикий; Абатуров; 50
125; Авксентий; Абаянцев; 68
126; Абан; Абалкин; 32
127; Авгий; Абрамов; 39
128; Авраам; Абаянцев; 26
129; Авдий; Абрашкин; 66
130; Абидин; Абрамцев; 39
131; Авим; Абрамов; 34
132; Авдиес; Абалкин; 30
133; Авгей; Абросимов; 40
134; Авдон; Аброськин; 69
135; Августин; Абалкин; 28
136; Аверьян; Аброшин; 32
137; Аввакум; Абалаков; 28
138; Августин; Абрамкин; 67
139; Авив; Абрамчук; 32
140; Абрам; Абалкин; 24
141; Авгий; Абрашин; 27
142; Авраам; Аброшин; 22
143; Авксентий; Абрашин; 57
144; Авангард; Абрамцев; 53
145; Аврелий; Абдулов; 51
146; Аверьян; Абашин; 23
147; Авгей; Абаянцев; 63
148; Авкт; Абрамов; 57
149; Абдула; Абашев; 40
150; Авраам; Абдулов; 59
151; Аврелий; Абрашин; 46
152; Авангард; Абашин; 37
153; Абидин; Абрамов; 20
154; Авделай; Абраменко; 64
155; Авксентий; Абрашин; 49
156; Абан; Абалакин; 41
157; Авид; Абрамов; 43
158; Аверьян; Абрамцев; 59
159; Аббас; Абрашкин; 42
160; Авим; Абдулин; 65
161; Абидин; Абрикосов; 20
162; Авксентий; Абатурин; 66
163; Аверкий; Абрамычев; 24
164; Авид; Абрикосов; 22
165; Авдон; Абатуров; 25
166; Абрам; Абрашкин; 43
167; Авентин; Абдулин; 21
168; Авив; Абдулин; 67
169; Августин; Абрамцев; 31
170; Аббас; Аброськин; 55
171; Аврелий; Абрашин; 44
172; Авделай; Абрамычев; 47
173; Аврам; Абашев; 49
174; Авдон; Абрамович; 34
175; Аввакум; Абалакин; 45
176; Аверьян; Абалкин; 21
177; Августин; Абалаков; 20
178; Авкт; Аброшин; 47
179; Абдула; Абдулин; 34
180; Авделай; Аброськин; 34
181; Абидин; Авакумов; 40
182; Авгий; Авакумов; 25
183; Абан; Абатурин; 27
184; Авделай; Абдулин; 23
185; Аввакум; Абрамцев; 46
186; Авентин; Абалаков; 41
187; Авкт; Аброшин; 46
188; Авангард; Абросимов; 64
189; Аверкий; Абдулов; 42
190; Авксентий; Абоимов; 40
191; Абидин; Аброшин; 32
192; Авксентий; Абалакин; 50
193; Авдикий; Абаянцев; 64
194; Аврор; Абраменко; 33
195; Авраам; Абдулин; 69
196; Авдикий; Абрамович; 36
197; Аверкий; Абатурин; 30
198; Авим; Абдула; 51
199; Аврор; Абдулов; 64
200; Абан; Абрашкин; 67
201; Авдий; Аброшин; 48
202; Авдикий; Абоимов; 69
203; Авгий; Абраменко; 65
204; Авив; Абдулин; 49
205; Авентин; Абалкин; 49
206; Авангард; Абрамычев; 59
207; Авдей; Абдулов; 57
208; Авраам; Абрамов; 60
209; Авделай; Абрашкин; 61
210; Аверкий; Абашев; 41
211; Авдий; Абалакин; 58
212; Авим; Абрашкин; 41
213; Аббас; Абалаков; 47
214; Августин; Абакшин; 56
215; Абрам; Абрамкин; 59
216; Авксентий; Абрамкин; 64
217; Авим; Абрамович; 60
218; Авангард; Абрамцев; 66
219; Аббас; Абрамов; 67
220; Абрам; Абдулов; 19
221; Абдула; Авакумов; 41
222; Аврелий; Абрамычев; 40
223; Авентин; Абрашин; 68
224; Аверьян; Абашкин; 68
225; Авив; Абдулов; 27
226; Авдей; Абашев; 22
227; Аввакум; Абалакин; 47
228; Авдий; Абаянцев; 46
229; Авкт; Абалаков; 47
230; Авенир; Абаянцев; 60
231; Авив; Абрамцев; 46
232; Авив; Абаянцев; 48
233; Августин; Абраменко; 31
234; Авгий; Абдулов; 42
235; Авангард; Абдулов; 25
236; Аббас; Абалакин; 46
237; Авделай; Абашев; 59
238; Авенир; Абашин; 50
239; Авксентий; Абрамцев; 64
240; Абрам; Абалдуев; 63
241; Авдон; Абрамычев; 21
242; Авксентий; Абраменко; 18
243; Авдиес; Абрамцев; 43
244; Авдиес; Авакумов; 27
245; Авдей; Абалдуев; 25
246; Аббас; Абрашин; 53
247; Авдий; Абрашин; 28
248; Авенир; Абатурин; 36
249; Авдикий; Аброськин; 40
250; Авксентий; Абалдуев; 22
251; Аввакум; Абрамович; 49
252; Аврам; Абалдуев; 23
253; Авдон; Абоимов; 43
254; Аврелий; Абрамцев; 64
255; Абрам; Абрамович; 57
256; Авраам; Абдулин; 44
257; Авделай; Абатуров; 28
258; Авгей; Авакумов; 35
259; Аверьян; Абросимов; 34
260; Авгий; Абрамчук; 18
261; Авенир; Абатуров; 43
262; Аврам; Абалкин; 25
263; Авдий; Абрамов; 59
264; Аверкий; Абаянцев; 35
265; Авив; Абрашкин; 44
266; Аврам; Абаянцев; 28
267; Абрам; Абдулин; 56
268; Аврелий; Абакшин; 60
269; Авид; Абрамцев; 55
270; Авдон; Абдула; 39
271; Аверкий; Абрамцев; 43
272; Аверьян; Абалдуев; 30
273; Августин; Абрашкин; 59
274; Абдула; Абалкин; 61
275; Аврелий; Абрамов; 36
276; Авделай; Абрашин; 68
277; Авентин; Абалкин; 26
278; Аббас; Абдулов; 25
279; Авдон; Абашев; 62
280; Аверьян; Аброськин; 45
281; Абрам; Абакшин; 67
282; Авентин; Абросимов; 31
283; Авентин; Абашев; 43
284; Августин; Абдулов; 33
285; Авид; Абрашин; 26
286; Авдикий; Абалдуев; 45
287; Аверкий; Абатурин; 66
288; Авделай; Абдулов; 49
289; Авгий; Абрамчук; 65
290; Авангард; Абаянцев; 41
291; Авид; Абалдуев; 27
292; Аввакум; Абатурин; 30
293; Авдон; Абалкин; 44
294; Авид; Абрамцев; 20
295; Абдула; Абашкин; 51
296; Авим; Абалаков; 69
297; Абрам; Абрамов; 28
298; Аввакум; Абрашкин; 40
299; Авдий; Абалакин; 21
300; Абан; Абрамычев; 36
301; Абан; Абакшин; 46
302; Авксентий; Абалаков; 47
303; Авкт; Аброшин; 30
304; Аверьян; Абрикосов; 22
305; Авгий; Абалаков; 67
306; Аббас; Абалаков; 68
307; Абдула; Абоимов; 47
308; Аввакум; Авакумов; 22
309; Абан; Абашкин; 28
310; Авгей; Абашкин; 30
311; Аббас; Абрамов; 31
312; Августин; Абалдуев; 46
313; Августин; Абаянцев; 54
314; Августин; Абалдуев; 39
315; Авенир; Абдула; 58
316; Авксентий; Абдула; 65
317; Абан; Абоимов; 22
318; Аврелий; Абалаков; 66
319; Абдула; Авакумов; 35
320; Авив; Абашев; 21
321; Авгей; Абрашкин; 60
322; Авкт; Абоимов; 29
323; Авенир; Абрамцев; 19
324; Авкт; Абалакин; 41
325; Абидин; Абраменко; 18
326; Аврелий; Абрикосов; 18
327; Авентин; Абрамов; 57
328; Авим; Абрамчук; 45
329; Авдий; Абраменко; 49
330; Аврелий; Абрамчук; 44
331; Аверьян; Абашкин; 55
332; Аврам; Абрамкин; 25
333; Авдей; Абалкин; 36
334; Аврор; Аброськин; 27
335; Авангард; Абрикосов; 66
336; Авкт; Абалаков; 20
337; Авид; Абалдуев; 55
338; Авкт; Аброшин; 43
339; Авдикий; Аброшин; 61
340; Авим; Абашев; 31
341; Авдей; Абашев; 25
342; Абрам; Абрашкин; 31
343; Авраам; Авакумов; 47
344; Авделай; Абатуров; 31
345; Авксентий; Абаянцев; 51
346; Авим; Абалакин; 27
347; Абан; Абоимов; 44
348; Авив; Абрашин; 41
349; Авентин; Абрамцев; 27
350; Аввакум; Абакшин; 69
351; Авив; Абалаков; 64
352; Абидин; Абдулин; 45
353; Августин; Абрашкин; 68
354; Абрам; Абалакин; 62
355; Авид; Авакумов; 46
356; Абидин; Абалаков; 40
357; Авдей; Абрамчук; 27
358; Аверкий; Абдула; 44
359; Авдиес; Абалкин; 43
360; Августин; Абашкин; 60
361; Абидин; Абрамович; 32
362; Августин; Абалкин; 37
363; Авраам; Абраменко; 48
364; Авив; Абрамцев; 68
365; Авангард; Абалдуев; 48
366; Аббас; Абрамович; 49
367; Авим; Абалкин; 22
368; Авдиес; Абалдуев; 35
369; Авгий; Абоимов; 57
370; Авгей; Абдулин; 21
371; Авдон; Абдула; 28
372; Авксентий; Абашкин; 59
373; Авдей; Абаянцев; 67
374; Авив; Абросимов; 68
375; Авгей; Абрамычев; 46
376; Августин; Аброськин; 25
377; Авангард; Абаянцев; 55
378; Авгей; Абрамчук; 67
379; Авенир; Абрамцев; 39
380; Абидин; Абалаков; 48
381; Аверкий; Абрамчук; 54
382; Авгий; Абрамович; 42
383; Авангард; Абалаков; 66
384; Авид; Абоимов; 65
385; Авгей; Абаянцев; 65
386; Авгей; Абраменко; 26
387; Аврам; Аброськин; 29
388; Авдий; Абдула; 35
389; Абан; Абалдуев; 23
390; Авксентий; Абоимов; 52
391; Абан; Абрамович; 21
392; Аврам; Аброськин; 38
393; Аверкий; Абрашин; 62
394; Авенир; Абраменко; 33
395; Авдий; Абрашин; 23
396; Авдон; Абаянцев; 67
397; Аббас; Абалдуев; 28
398; Авкт; Абашев; 18
399; Авксентий; Абрамчук; 57
400; Аббас; Абатуров; 65
401; Авдон; Абраменко; 19
402; Аббас; Абдула; 40
403; Авкт; Абашев; 46
404; Авив; Абраменко; 24
405; Аверкий; Абрамычев; 24
406; Абдула; Абаянцев; 64
407; Августин; Абрашин; 56
408; Абан; Абдула; 53
409; Авенир; Абашев; 45
410; Аввакум; Абашев; 66
411; Авдий; Абашкин; 66
412; Августин; Абалакин; 60
413; Авгей; Абакшин; 26
414; Аверкий; Абрикосов; 52
415; Авенир; Абашев; 64
416; Авим; Абрамчук; 37
417; Авгей; Абрамкин; 21
418; Авенир; Абалакин; 24
419; Авив; Аброськин; 38
420; Авраам; Абатуров; 33
421; Аббас; Абашев; 60
422; Августин; Абашин; 68
423; Абдула; Абатуров; 34
424; Аверьян; Абрамович; 50
425; Аббас; Аброськин; 29
426; Авдиес; Абашин; 54
427; Авдон; Абалдуев; 27
428; Аврам; Абдулин; 26
429; Авкт; Абаянцев; 58
430; Аврам; Абоимов; 65
431; Аврор; Абатурин; 31
432; Аверьян; Абрашин; 60
433; Авдей; Абрашкин; 26
434; Авид; Абашев; 42
435; Аврам; Абрамычев; 46
436; Абан; Аброшин; 54
437; Аврам; Абашкин; 37
438; Аверьян; Абросимов; 26
439; Авделай; Абрашин; 39
440; Авдикий; Абалдуев; 69
441; Авгей; Абрашкин; 46
442; Авенир; Абрамчук; 56
443; Абидин; Абашкин; 26
444; Авдей; Абрикосов; 52
445; Авделай; Абоимов; 28
446; Аврам; Абашкин; 24
447; Авентин; Абалакин; 28
448; Абидин; Абраменко; 43
449; Абан; Абрашкин; 59
450; Аббас; Абрамчук; 67
451; Аверьян; Абоимов; 48
452; Авдей; Абашкин; 51
453; Авив; Абатуров; 46
454; Авгей; Абрамкин; 32
455; Абан; Абалаков; 48
456; Авангард; Аброшин; 42
457; Аврам; Абашин; 53
458; Авим; Абашкин; 26
459; Авид; Абалаков; 29
460; Абдула; Абрамов; 23
461; Авдей; Абрамчук; 64
462; Аверьян; Абрамов; 67
463; Авраам; Абдула; 65
464; Авксентий; Абдулин; 68
465; Аврам; Абатуров; 46
466; Абрам; Абалкин; 55
467; Аверьян; Абоимов; 49
468; Аврор; Абрамцев; 62
469; Аввакум; Аброськин; 35
470; Абидин; Абрамцев; 21
471; Авдей; Аброшин; 19
472; Аверкий; Абдулин; 46
473; Авентин; Абалаков; 22
474; Абдула; Абалакин; 40
475; Авраам; Абрамчук; 26
476; Абдула; Абдула; 25
477; Аббас; Абалкин; 33
478; Абрам; Абрамцев; 32
479; Авделай; Абрашкин; 44
480; Авив; Абдулов; 54
481; Аврор; Абашин; 20
482; Аврам; Авакумов; 51
483; Авксентий; Абаянцев; 23
484; Абидин; Абатуров; 60
485; Абрам; Абоимов; 49
486; Аврам; Абалаков; 26
487; Авдей; Абатуров; 43
488; Авдиес; Абрамцев; 42
489; Авентин; Абдула; 46
490; Авдон; Абашин; 33
491; Августин; Авакумов; 55
492; Аверкий; Абдулин; 20
493; Авдиес; Абоимов; 20
494; Авид; Абдулов; 57
495; Абидин; Абатурин; 53
496; Авгей; Абрамкин; 61
497; Авдиес; Абакшин; 37
498; Аверкий; Абалкин; 39
499; Абдула; Абрамович; 52
500; Авдий; Абдулов; 23
501; Авдикий; Абрамцев; 42
502; Авид; Абросимов; 30
503; Абрам; Абрикосов; 51
504; Августин; Абатуров; 52
505; Авдей; Абашин; 57
506; Абрам; Абдулин; 19
507; Августин; Абатурин; 22
508; Аверьян; Абашин; 44
509; Авангард; Абдулов; 26
510; Авдей; Абросимов; 21
511; Авраам; Абраменко; 57
512; Авдиес; Абраменко; 20
513; Авксентий; Аброськин; 28
514; Августин; Абраменко; 18
515; Авгей; Абалакин; 56
516; Абдула; Абалакин; 41
517; Авгий; Аброськин; 38
518; Аввакум; Абрамчук; 31
519; Авделай; Абрамкин; 35
520; Авим; Абдула; 43
521; Аврор; Абдулин; 65
522; Авив; Абашев; 63
523; Авентин; Абраменко; 22
524; Авив; Абалкин; 20
525; Авенир; Абрикосов; 68
526; Авив; Абрашин; 29
527; Авентин; Абрашин; 38
528; Авкт; Абатуров; 43
529; Аврор; Аброшин; 68
530; Авдиес; Абрикосов; 53
531; Аввакум; Абалаков; 64
532; Авдиес; Авакумов; 62
533; Авгей; Абалкин; 69
534; Авдиес; Абрамычев; 45
535; Авраам; Абашкин; 50
536; Авделай; Абалаков; 29
537; Августин; Абакшин; 51
538; Аввакум; Абдула; 61
539; Авенир; Абалакин; 18
540; Авив; Абросимов; 56
541; Авим; Абалаков; 23
542; Аврам; Абрамцев; 31
543; Авксентий; Абраменко; 34
544; Авкт; Абраменко; 64
545; Авгий; Абашев; 69
546; Аврелий; Абросимов; 42
547; Авгей; Абрамчук; 20
548; Авдей; Абдула; 25
549; Авдон; Абрашин; 33
550; Авенир; Абрамкин; 41
551; Аврам; Абатуров; 62
552; Аверьян; Абрамкин; 43
553; Авентин; Абрамычев; 19
554; Авдей; Абалдуев; 29
555; Авкт; Абрашкин; 45
556; Аверкий; Абаянцев; 32
557; Аверкий; Абашкин; 26
558; Аверьян; Абрамович; 24
559; Авгий; Абрашин; 31
560; Аврам; Абакшин; 55
561; Абдула; Абалкин; 43
562; Авив; Абашин; 44
563; Авангард; Абашев; 39
564; Аврам; Абашкин; 54
565; Авделай; Абрамычев; 68
566; Авкт; Абалдуев; 44
567; Авдий; Абатурин; 31
568; Авдикий; Абрамкин; 42
569; Абрам; Абраменко; 18
570; Авдон; Абалаков; 38
571; Абан; Абросимов; 30
572; Авгей; Абакшин; 64
573; Аверкий; Абрикосов; 26
574; Аврор; Абраменко; 38
575; Авгей; Абрикосов; 58
576; Авдикий; Абрикосов; 46
577; Авив; Абалаков; 24
578; Абан; Абалдуев; 61
579; Абрам; Абакшин; 43
580; Августин; Абрашин; 19
581; Авентин; Абоимов; 20
582; Авангард; Абалакин; 23
583; Авдон; Абрамов; 22
584; Авдий; Абашев; 29
585; Абрам; Абаянцев; 31
586; Абрам; Абрамкин; 50
587; Авдиес; Абалдуев; 48
588; Авксентий; Абросимов; 43
589; Абдула; Абрамкин; 66
590; Авгий; Абрашкин; 31
591; Аввакум; Абатурин; 63
592; Авдон; Абраменко; 58
593; Авкт; Абросимов; 28
594; Аврор; Авакумов; 29
595; Авкт; Авакумов; 64
596; Аббас; Абаянцев; 22
597; Абан; Абрамович; 29
598; Аврам; Абалакин; 65
599; Авдиес; Абашин; 37
600; Авдиес; Абрашкин; 52
601; Авдикий; Абраменко; 26
602; Авкт; Абрикосов; 34
603; Авдон; Абалкин; 29
604; Авксентий; Абросимов; 67
605; Аврам; Абдула; 32
606; Авгей; Абатуров; 31
607; Аврелий; Абраменко; 20
608; Абдула; Абакшин; 57
609; Авгей; Абрамычев; 40
610; Аввакум; Абаянцев; 54
611; Абдула; Абдула; 61
612; Аврор; Абалкин; 35
613; Абидин; Абалкин; 39
614; Авенир; Абакшин; 25
615; Авгей; Абрамцев; 59
616; Авгей; Абалаков; 45
617; Авраам; Абалкин; 31
618; Авид; Абашев; 47
619; Аврелий; Абрамчук; 18
620; Авгей; Абатурин; 32
621; Аверьян; Абалдуев; 42
622; Аврам; Абашин; 60
623; Авдей; Абатурин; 54
624; Авделай; Авакумов; 50
625; Аверьян; Абаянцев; 65
626; Абан; Абаянцев; 61
627; Авксентий; Абалаков; 65
628; Аввакум; Абдулин; 26
629; Авангард; Абалдуев; 59
630; Авдикий; Абдула; 25
631; Авангард; Абрамцев; 44
632; Авкт; Абдулов; 38
633; Авдон; Абатурин; 23
634; Авдикий; Абатуров; 47
635; Аверьян; Абрикосов; 28
636; Авдей; Абрамчук; 37
637; Авентин; Аброськин; 27
638; Аббас; Абрашин; 34
639; Авенир; Абашкин; 54
640; Авим; Абросимов; 51
641; Абрам; Абрикосов; 22
642; Авангард; Абатурин; 27
643; Авив; Абатуров; 36
644; Абрам; Абатуров; 25
645; Аверьян; Абашкин; 57
646; Авгий; Абрамцев; 26
647; Аврелий; Абоимов; 46
648; Авив; Абдулов; 44
649; Авделай; Абросимов; 58
650; Аввакум; Абрамкин; 20
651; Аврелий; Абатурин; 47
652; Авдиес; Абросимов; 55
653; Авид; Абрамчук; 20
654; Авив; Абрамкин; 29
655; Августин; Абатурин; 54
656; Авксентий; Абрашин; 60
657; Авентин; Абрамцев; 48
658; Аверкий; Абрикосов; 38
659; Авдий; Абрикосов; 19
660; Авгей; Абаянцев; 27
661; Авенир; Абраменко; 40
662; Авгий; Авакумов; 49
663; Аверкий; Абрамов; 65
664; Авраам; Абатуров; 55
665; Авксентий; Абашкин; 35
666; Авгий; Абалакин; 50
667; Авксентий; Аброськин; 18
668; Авгий; Абашкин; 22
669; Аверкий; Абаянцев; 65
670; Аввакум; Абдула; 60
671; Авксентий; Абдулин; 52
672; Аверьян; Абрамович; 32
673; Абидин; Абашев; 35
674; Авентин; Абдулов; 62
675; Авентин; Абаянцев; 34
676; Абдула; Абрамцев; 37
677; Авксентий; Абрамов; 42
678; Авдей; Абалкин; 18
679; Авгий; Абаянцев; 41
680; Авгий; Абдулов; 52
681; Авкт; Абашкин; 28
682; Абдула; Абросимов; 20
683; Аббас; Абашин; 43
684; Абрам; Абдула; 51
685; Авраам; Абалакин; 29
686; Абрам; Абдулов; 46
687; Авгей; Абдула; 37
688; Авксентий; Абаянцев; 49
689; Абан; Абалкин; 25
690; Авгей; Абрамович; 21
691; Авив; Абдулин; 30
692; Авдикий; Абалаков; 62
693; Авентин; Абатуров; 67
694; Авид; Абаянцев; 30
695; Авангард; Абаянцев; 67
696; Аббас; Аброшин; 25
697; Авкт; Абалкин; 48
698; Аврам; Абрамчук; 42
699; Авентин; Абалкин; 66
700; Аверьян; Абрамычев; 29
701; Авделай; Абалаков; 57
702; Авраам; Абдулин; 27
703; Аббас; Абрикосов; 54
704; Аввакум; Абакшин; 62
705; Авдикий; Абашев; 40
706; Аврам; Абрамчук; 64
707; Авид; Абашев; 25
708; Абидин; Абатуров; 56
709; Аббас; Абрамчук; 53
710; Авенир; Абрашкин; 51
711; Августин; Абалдуев; 50
712; Авксентий; Абросимов; 64
713; Абдула; Абрамцев; 59
714; Авим; Абдулов; 68
715; Авим; Абашев; 67
716; Авенир; Абатурин; 47
717; Авдиес; Абдулин; 26
718; Авраам; Авакумов; 27
719; Авделай; Абакшин; 32
720; Аббас; Абдула; 29
721; Абдула; Абрамчук; 52
722; Аввакум; Абашев; 51
723; Авенир; Абашев; 34
724; Августин; Абатуров; 54
725; Аверьян; Абакшин; 46
726; Авим; Абаянцев; 57
727; Абан; Абрамов; 18
728; Авгей; Абаянцев; 40
729; Аврор; Абдулин; 24
730; Авдий; Аброшин; 63
731; Аврор; Абдулин; 64
732; Абрам; Абрашкин; 34
733; Аверьян; Абалдуев; 39
734; Авенир; Авакумов; 40
735; Абан; Абрамович; 36
736; Аврор; Аброськин; 22
737; Авкт; Аброськин; 51
738; Аверкий; Абрамович; 58
739; Авдиес; Абашин; 31
740; Авим; Авакумов; 38
741; Аврам; Аброськин; 35
742; Авдикий; Абрамчук; 54
743; Авентин; Абашев; 55
744; Авдий; Абалдуев; 42
745; Авдиес; Абрашкин; 28
746; Авентин; Аброшин; 39
747; Аверьян; Абдулин; 63
748; Авентин; Абатуров; 37
749; Аверкий; Абрамович; 26
750; Авгий; Абрамович; 39
751; Авангард; Абрамович; 34
752; Авдий; Абоимов; 25
753; Аврам; Абрамцев; 68
754; Авдикий; Абрашин; 66
755; Авксентий; Аброшин; 29
756; Авдий; Абакшин; 51
757; Авдон; Абалакин; 31
758; Авдий; Абрамович; 37
759; Абидин; Абаянцев; 52
760; Авделай; Абалаков; 21
761; Авдей; Абрамкин; 46
762; Авраам; Абросимов; 19
763; Аббас; Абаянцев; 63
764; Авдон; Абрамцев; 65
765; Аввакум; Авакумов; 44
766; Авраам; Абрамычев; 68
767; Авдей; Абалакин; 47
768; Авим; Абрамычев; 30
769; Абрам; Абалаков; 46
770; Авкт; Абаянцев; 27
771; Авентин; Авакумов; 45
772; Абдула; Абраменко; 28
773; Авдикий; Абрамычев; 42
774; Авдиес; Абашкин; 43
775; Авраам; Абрамцев; 63
776; Авксентий; Абрамчук; 58
777; Авид; Абакшин; 64
778; Аврам; Абатуров; 21
779; Абдула; Абаянцев; 47
780; Авив; Абалаков; 26
781; Аврелий; Абдулин; 28
782; Авдиес; Абраменко; 60
783; Аверкий; Абакшин; 40
784; Августин; Абрамчук; 28
785; Абан; Абрамчук; 22
786; Авдий; Абраменко; 69
787; Аврам; Абрамкин; 21
788; Авентин; Абрикосов; 41
789; Августин; Абашкин; 43
790; Аввакум; Абатуров; 21
791; Аврам; Абраменко; 37
792; Авид; Абашин; 52
793; Авраам; Абрамчук; 41
794; Аврор; Абатуров; 45
795; Авдиес; Абрашин; 54
796; Абрам; Абрамов; 64
797; Авентин; Абалакин; 29
798; Абидин; Абакшин; 32
799; Аввакум; Абалаков; 57
800; Абан; Абрашкин; 39
801; Аввакум; Абраменко; 46
802; Авраам; Абдулин; 26
803; Аббас; Абрашин; 24
804; Аверкий; Абатурин; 34
805; Аврам; Абрамычев; 45
806; Аввакум; Аброськин; 56
807; Аврам; Абрашин; 67
808; Абидин; Абрамкин; 38
809; Авенир; Абросимов; 37
810; Авгий; Абрамович; 21
811; Абидин; Абрамкин; 59
812; Авдиес; Абрамцев; 57
813; Авраам; Абатуров; 49
814; Августин; Абрамович; 43
815; Абан; Абатуров; 68
816; Авдиес; Абрашин; 57
817; Авим; Абашев; 67
818; Авдиес; Абрамкин; 31
819; Авдон; Абрамчук; 48
820; Абан; Абрашкин; 36
821; Аверкий; Абрамов; 59
822; Абан; Абдулов; 29
823; Авдикий; Абатуров; 41
824; Авид; Абалакин; 65
825; Аверкий; Абатуров; 32
826; Авксентий; Абрамкин; 40
827; Авделай; Абатуров; 55
828; Абдула; Абрамычев; 26
829; Авентин; Абрамович; 25
830; Авраам; Абрикосов; 59
831; Аверьян; Абрамкин; 27
832; Авентин; Абалкин; 25
833; Авгей; Абалкин; 57
834; Аббас; Аброськин; 29
835; Авентин; Абалаков; 60
836; Абан; Абдула; 63
837; Авгей; Абалкин; 19
838; Авдон; Абрикосов; 49
839; Авдий; Абалаков; 38
840; Авкт; Абалакин; 60
841; Аввакум; Абдулин; 29
842; Авангард; Абрашкин; 29
843; Авид; Аброськин; 33
844; Аврор; Аброськин; 51
845; Абрам; Абрамычев; 19
846; Аббас; Абрамычев; 42
847; Авентин; Аброськин; 56
848; Авангард; Абатуров; 52
849; Авив; Абатурин; 30
850; Авдиес; Абашкин; 51
851; Авкт; Абалаков; 31
852; Аврор; Абдулов; 62
853; Аббас; Абдулин; 61
854; Авделай; Абрамычев; 20
855; Аврор; Абашин; 69
856; Авдиес; Абросимов; 67
857; Абрам; Абаянцев; 34
858; Авдон; Абатуров; 50
859; Авксентий; Абрамчук; 25
860; Аврор; Абрашин; 51
861; Аввакум; Абрамкин; 42
862; Авдон; Абатурин; 51
863; Авив; Абатурин; 57
864; Авид; Абрамычев; 26
865; Авив; Абалакин; 30
866; Аврам; Абдулин; 23
867; Авим; Абрамчук; 54
868; Авкт; Абалдуев; 23
869; Авентин; Абросимов; 48
870; Авенир; Абрамчук; 21
871; Авдиес; Абакшин; 66
872; Абидин; Абрашкин; 57
873; Авдий; Абашев; 18
874; Аврор; Авакумов; 26
875; Авкт; Абаянцев; 68
876; Авим; Абраменко; 36
877; Авдий; Абдулин; 37
878; Авдий; Абдулов; 55
879; Авид; Абатурин; 43
880; Авентин; Абоимов; 18
881; Авгей; Абдула; 56
882; Авделай; Абоимов; 40
883; Авксентий; Абрамчук; 58
884; Абрам; Абалкин; 32
885; Авим; Абакшин; 27
886; Авдон; Абраменко; 42
887; Аврелий; Абатуров; 45
888; Авгей; Абрамкин; 62
889; Авксентий; Абрамович; 40
890; Авраам; Авакумов; 64
891; Аврелий; Абдулин; 38
892; Авентин; Абаянцев; 46
893; Аврор; Абрамчук; 23
894; Аверкий; Абрашкин; 68
895; Абан; Абалакин; 33
896; Абрам; Абрашкин; 43
897; Авкт; Абдулин; 68
898; Авим; Абашев; 34
899; Авентин; Абрамчук; 48
900; Авделай; Абрамкин; 24
901; Абидин; Абрикосов; 31
902; Авдей; Абалкин; 36
903; Авраам; Абдула; 20
904; Авдиес; Абалаков; 25
905; Авив; Абашев; 69
906; Аврор; Абаянцев; 66
907; Авдикий; Абашкин; 34
908; Аббас; Абалакин; 58
909; Авентин; Абаянцев; 47
910; Абрам; Абрашкин; 42
911; Авенир; Абалакин; 20
912; Авделай; Абрамкин; 63
913; Авдей; Абрамчук; 55
914; Авид; Аброшин; 32
915; Авдей; Абрамович; 29
916; Авив; Абдулов; 31
917; Авдиес; Аброськин; 34
918; Авдикий; Абдулов; 62
919; Аверкий; Абдулин; 42
920; Авделай; Абашкин; 48
921; Авид; Абрамович; 45
922; Аверкий; Абрамчук; 26
923; Авдиес; Абдулин; 68
924; Аверкий; Абрикосов; 66
925; Аверьян; Абалакин; 25
926; Авксентий; Абалаков; 51
927; Авксентий; Абрамцев; 46
928; Авдиес; Абашев; 30
929; Авделай; Аброськин; 52
930; Абдула; Абдулин; 43
931; Авделай; Абатурин; 51
932; Аврам; Абалдуев; 58
933; Аввакум; Абоимов; 67
934; Авив; Абрикосов; 47
935; Авдий; Абрамов; 31
936; Аббас; Абашев; 48
937; Аверкий; Аброшин; 59
938; Авксентий; Абрикосов; 46
939; Аврелий; Авакумов; 43
940; Аббас; Абашкин; 50
941; Авдикий; Абрамычев; 33
942; Авим; Абатуров; 61
943; Аверьян; Абоимов; 56
944; Абдула; Авакумов; 38
945; Авангард; Абалакин; 24
946; Авенир; Абалкин; 33
947; Авим; Абдулин; 58
948; Авделай; Абалаков; 65
949; Авгей; Абрамович; 60
950; Аверкий; Абрамцев; 25
951; Авдиес; Абалкин; 39
952; Авраам; Абатуров; 63
953; Авкт; Абросимов; 27
954; Авим; Авакумов; 40
955; Авгей; Абрашкин; 38
956; Аверкий; Абашин; 35
957; Авгей; Абрашин; 61
958; Аверьян; Абаянцев; 55
959; Авраам; Абрикосов; 35
960; Аврам; Абрамович; 44
961; Аверьян; Абдулов; 19
962; Авдон; Абраменко; 64
963; Абрам; Абашин; 35
964; Авив; Абрашин; 41
965; Абидин; Абалкин; 48
966; Аврам; Аброськин; 19
967; Авим; Абаянцев; 25
968; Авгий; Абаянцев; 39
969; Аврор; Абдулов; 55
970; Аверьян; Абрашкин; 40
971; Авгий; Абдулов; 22
972; Авгей; Аброшин; 26
973; Аврам; Аброськин; 48
974; Авкт; Абрамкин; 58
975; Аверкий; Абдулин; 44
976; Авделай; Абаянцев; 31
977; Авкт; Абалдуев; 38
978; Авгей; Абашев; 65
979; Аверьян; Абашкин; 31
980; Авделай; Авакумов; 47
981; Аверьян; Авакумов; 62
982; Авдиес; Абатуров; 37
983; Августин; Абдулин; 49
984; Авгей; Абаянцев; 26
985; Авгий; Авакумов; 27
986; Аббас; Авакумов; 37
987; Авим; Абдулин; 45
988; Авангард; Абрашкин; 54
989; Авраам; Абрашкин; 51
990; Авим; Абаянцев; 54
991; Авид; Авакумов; 40
992; Авделай; Абраменко; 29
993; Авдиес; Абашин; 25
994; Авенир; Абалаков; 39
995; Абдула; Абдулов; 33
996; Аврор; Абдулов; 41
997; Авдей; Абалдуев; 67
998; Августин; Абрамчук; 40
999; Авгий; Абалаков; 37
1000; Авенир; Абрикосов; 44
